{"cameraMode":{"drawMode":0,"name":"Shaded","section":"Shading Mode"},"sceneLighting":true,"audioPlay":false,"sceneViewState":{"m_AlwaysRefresh":false,"showFog":true,"showSkybox":true,"showFlares":true,"showImageEffects":true,"showParticleSystems":true,"showVisualEffectGraphs":true,"m_FxEnabled":true},"in2DMode":false,"pivot":{"x":0.8091611266136169,"y":2.973295211791992,"z":2.1061935424804689},"rotation":{"x":-0.016803061589598657,"y":-0.024895746260881425,"z":0.0004204162396490574,"w":-0.9995336532592773},"size":9.057884216308594,"orthographic":false}