{"cameraMode":{"drawMode":0,"name":"Shaded","section":"Shading Mode"},"sceneLighting":true,"audioPlay":false,"sceneViewState":{"m_AlwaysRefresh":false,"showFog":true,"showSkybox":true,"showFlares":true,"showImageEffects":true,"showParticleSystems":true,"showVisualEffectGraphs":true,"m_FxEnabled":true},"in2DMode":false,"pivot":{"x":-0.10886473953723908,"y":2.5402579307556154,"z":0.33502161502838137},"rotation":{"x":0.061930786818265918,"y":0.40435680747032168,"z":-0.02748126909136772,"w":0.91205894947052},"size":11.905169486999512,"orthographic":false}